{
  "test_mae": 2.0310781002044678,
  "test_rmse": 2.4081592559814453,
  "test_r2": 0.028596756916151933,
  "cv_maes": [
    2.0034923553466797,
    1.9736121892929077,
    1.9998950958251953,
    1.9713859558105469,
    2.0812628269195557
  ],
  "cv_mae_mean": 2.005929708480835,
  "cv_mae_std": 0.03988766670227051,
  "best_iteration": 28,
  "best_score": 2.0179762192467012,
  "n_features": 27,
  "feature_importance": {
    "F18_healthcare_access": 0.06709234416484833,
    "F22_intersection_density": 0.06469978392124176,
    "F27_food_stand_density": 0.06015176698565483,
    "F21_home_workshop_density": 0.052649278193712234,
    "F20_industrial_ribbon": 0.04716544225811958,
    "F08_public_private_gradient": 0.04421539977192879,
    "F09_street_cafe_density": 0.03904634341597557,
    "F16_transit_access": 0.03863199055194855,
    "F19_education_scatter": 0.03782327100634575,
    "F15_night_economy": 0.03761961683630943,
    "F26_density_gradient": 0.03490551933646202,
    "F07_housing_diversity": 0.0346798375248909,
    "F30_green_space_ratio": 0.03432605415582657,
    "F25_promenade_score": 0.03421296551823616,
    "F28_workspace_cluster": 0.03403704613447189,
    "F05_housing_in_between": 0.03350887447595596,
    "F13_pedestrian_count": 0.033262819051742554,
    "F06_residential_density": 0.032816801220178604,
    "F14_shop_variety": 0.03200511261820793,
    "F04_work_residential_ratio": 0.031677354127168655,
    "F23_height_mix": 0.031064944341778755,
    "F03_retail_gf_ratio": 0.030957382172346115,
    "F12_gamma_index": 0.029887918382883072,
    "F17_civic_presence": 0.027379311621189117,
    "F02_land_use_entropy": 0.02400777116417885,
    "F01_poi_density": 0.01864706352353096,
    "F10_market_cluster": 0.013527977280318737
  }
}